{"homebrew_version":"2.5.7-14-ge1b9887","used_options":[],"unused_options":[],"built_as_bottle":true,"poured_from_bottle":true,"installed_as_dependency":false,"installed_on_request":true,"changed_files":["INSTALL_RECEIPT.json","lib/pkgconfig/hidapi.pc"],"time":1614349890,"source_modified_time":1603663199,"HEAD":null,"stdlib":null,"compiler":"clang","aliases":[],"runtime_dependencies":[],"source":{"path":"/usr/local/Homebrew/Library/Taps/homebrew/homebrew-core/Formula/hidapi.rb","tap":"homebrew/core","spec":"stable","versions":{"stable":"0.10.0","head":"HEAD","version_scheme":0}},"arch":"x86_64","built_on":{"os":"Macintosh","os_version":"macOS 10.14.6","cpu_family":"penryn","xcode":"11.3.1","clt":"11.3.1.0.1.1576735732"}}